BB1,BB2,BB3
AZ,C1,C1001
,C2,C1002
,C3,C1003
,C4,C1004
,C5,C1005
,C6,C1006
,C7,C1007
,C8,C1008
,C9,C1009
,C10,C1010
,C11,C1011
,C12,C1012
,C13,C1013
,C14,C1014
,C15,C1015
,C16,C1016
,C17,C1017
,C18,C1018
,C19,C1019
,C20,C1020
,C21,C1021
,C22,C1022
,C23,C1023
,C24,C1024
,C25,C1025
,C26,C1026
,C27,C1027
,C28,C1028
,C29,C1029
,C30,C1030
,C31,C1031
,C32,C1032
,C33,C1033
,C34,C1034
,C35,C1035
,C36,C1036
,C37,C1037
,C38,C1038
,C39,C1039
,C40,C1040
,C41,C1041
,C42,C1042
,C43,C1043
,C44,C1044
,C45,C1045
,C46,C1046
,C47,C1047
,C48,C1048
,C49,C1049
,C50,C1050
,C51,C1051
,C52,C1052
,C53,C1053
,C54,C1054
,C55,C1055
,C56,C1056
,C57,C1057
,C58,C1058
,C59,C1059
,C60,C1060
,C61,C1061
,C62,C1062
,C63,C1063
,C64,C1064
,C65,C1065
,C66,C1066
,C67,C1067
,C68,C1068
,C69,C1069
,C70,C1070
,C71,C1071
,C72,C1072
,C73,C1073
,C74,C1074
,C75,C1075
,C76,C1076
,C77,C1077
,C78,C1078
,C79,C1079
,C80,C1080
,C81,C1081
,C82,C1082
,C83,C1083
,C84,C1084
,C85,C1085
,C86,C1086
,C87,C1087
,C88,C1088
,C89,C1089
,C90,C1090
,C91,C1091
,C92,C1092
,C93,C1093
,C94,C1094
,C95,C1095
,C96,C1096
,C97,C1097
,C98,C1098
,C99,C1099
,C100,C1100
,C101,C1101
,C102,C1102
,C103,C1103
,C104,C1104
,C105,C1105
,C106,C1106
,C107,C1107
,C108,C1108
,C109,C1109
,C110,C1110
,C111,C1111
,C112,C1112
,C113,C1113
,C114,C1114
,C115,C1115
,C116,C1116
,C117,C1117
,C118,C1118
,C119,C1119
,C120,C1120
,C121,C1121
,C122,C1122
,C123,C1123
,C124,C1124
,C125,C1125
,C126,C1126
,C127,C1127
,C128,C1128
,C129,C1129
,C130,C1130
,C131,C1131
,C132,C1132
,C133,C1133
,C134,C1134
,C135,C1135
,C136,C1136
,C137,C1137
,C138,C1138
,C139,C1139
,C140,C1140
,C141,C1141
,C142,C1142
,C143,C1143
,C144,C1144
,C145,C1145
,C146,C1146
,C147,C1147
,C148,C1148
,C149,C1149
,C150,C1150
,C151,C1151
,C152,C1152
,C153,C1153
,C154,C1154
,C155,C1155
,C156,C1156
,C157,C1157
,C158,C1158
,C159,C1159
,C160,C1160
,C161,C1161
,C162,C1162
,C163,C1163
,C164,C1164
,C165,C1165
,C166,C1166
,C167,C1167
,C168,C1168
,C169,C1169
,C170,C1170
,C171,C1171
,C172,C1172
,C173,C1173
,C174,C1174
,C175,C1175
,C176,C1176
,C177,C1177
,C178,C1178
,C179,C1179
,C180,C1180
,C181,C1181
,C182,C1182
,C183,C1183
,C184,C1184
,C185,C1185
,C186,C1186
,C187,C1187
,C188,C1188
,C189,C1189
,C190,C1190
,C191,C1191
,C192,C1192
,C193,C1193
,C194,C1194
,C195,C1195
,C196,C1196
,C197,C1197
,C198,C1198
,C199,C1199
,C200,C1200
,C201,C1201
,C202,C1202
,C203,C1203
,C204,C1204
,C205,C1205
,C206,C1206
,C207,C1207
,C208,C1208
,C209,C1209
,C210,C1210
,C211,C1211
,C212,C1212
,C213,C1213
,C214,C1214
,C215,C1215
,C216,C1216
,C217,C1217
,C218,C1218
,C219,C1219
,C220,C1220
,C221,C1221
,C222,C1222
,C223,C1223
,C224,C1224
,C225,C1225
,C226,C1226
,C227,C1227
,C228,C1228
,C229,C1229
,C230,C1230
,C231,C1231
,C232,C1232
,C233,C1233
,C234,C1234
,C235,C1235
,C236,C1236
,C237,C1237
,C238,C1238
,C239,C1239
,C240,C1240
,C241,C1241
,C242,C1242
,C243,C1243
,C244,C1244
,C245,C1245
,C246,C1246
,C247,C1247
,C248,C1248
,C249,C1249
,C250,C1250
,C251,C1251
,C252,C1252
,C253,C1253
,C254,C1254
,C255,C1255
,C256,C1256
,C257,C1257
,C258,C1258
,C259,C1259
,C260,C1260
,C261,C1261
,C262,C1262
,C263,C1263
,C264,C1264
,C265,C1265
,C266,C1266
,C267,C1267
,C268,C1268
,C269,C1269
,C270,C1270
,C271,C1271
,C272,C1272
,C273,C1273
,C274,C1274
,C275,C1275
,C276,C1276
,C277,C1277
,C278,C1278
,C279,C1279
,C280,C1280
,C281,C1281
,C282,C1282
,C283,C1283
,C284,C1284
,C285,C1285
,C286,C1286
,C287,C1287
,C288,C1288
,C289,C1289
,C290,C1290
,C291,C1291
,C292,C1292
,C293,C1293
,C294,C1294
,C295,C1295
,C296,C1296
,C297,C1297
,C298,C1298
,C299,C1299
,C300,C1300
,C301,C1301
,C302,C1302
,C303,C1303
,C304,C1304
,C305,C1305
,C306,C1306
,C307,C1307
,C308,C1308
,C309,C1309
,C310,C1310
,C311,C1311
,C312,C1312
,C313,C1313
,C314,C1314
,C315,C1315
,C316,C1316
,C317,C1317
,C318,C1318
,C319,C1319
,C320,C1320
,C321,C1321
,C322,C1322
,C323,C1323
,C324,C1324
,C325,C1325
,C326,C1326
,C327,C1327
,C328,C1328
,C329,C1329
,C330,C1330
,C331,C1331
,C332,C1332
,C333,C1333
,C334,C1334
,C335,C1335
,C336,C1336
,C337,C1337
,C338,C1338
,C339,C1339
,C340,C1340
,C341,C1341
,C342,C1342
,C343,C1343
,C344,C1344
,C345,C1345
,C346,C1346
,C347,C1347
,C348,C1348
,C349,C1349
,C350,C1350
,C351,C1351
,C352,C1352
,C353,C1353
,C354,C1354
,C355,C1355
,C356,C1356
,C357,C1357
,C358,C1358
,C359,C1359
,C360,C1360
,C361,C1361
,C362,C1362
,C363,C1363
,C364,C1364
,C365,C1365
,C366,C1366
,C367,C1367
,C368,C1368
,C369,C1369
,C370,C1370
,C371,C1371
,C372,C1372
,C373,C1373
,C374,C1374
,C375,C1375
,C376,C1376
,C377,C1377
,C378,C1378
,C379,C1379
,C380,C1380
,C381,C1381
,C382,C1382
,C383,C1383
,C384,C1384
,C385,C1385
,C386,C1386
,C387,C1387
,C388,C1388
,C389,C1389
,C390,C1390
,C391,C1391
,C392,C1392
,C393,C1393
,C394,C1394
,C395,C1395
,C396,C1396
,C397,C1397
,C398,C1398
,C399,C1399
,C400,C1400
,C401,C1401
,C402,C1402
,C403,C1403
,C404,C1404
,C405,C1405
,C406,C1406
,C407,C1407
,C408,C1408
,C409,C1409
,C410,C1410
,C411,C1411
,C412,C1412
,C413,C1413
,C414,C1414
,C415,C1415
,C416,C1416
,C417,C1417
,C418,C1418
,C419,C1419
,C420,C1420
,C421,C1421
,C422,C1422
,C423,C1423
,C424,C1424
,C425,C1425
,C426,C1426
,C427,C1427
,C428,C1428
,C429,C1429
,C430,C1430
,C431,C1431
,C432,C1432
,C433,C1433
,C434,C1434
,C435,C1435
,C436,C1436
,C437,C1437
,C438,C1438
,C439,C1439
,C440,C1440
,C441,C1441
,C442,C1442
,C443,C1443
,C444,C1444
,C445,C1445
,C446,C1446
,C447,C1447
,C448,C1448
,C449,C1449
,C450,C1450
,C451,C1451
,C452,C1452
,C453,C1453
,C454,C1454
,C455,C1455
,C456,C1456
,C457,C1457
,C458,C1458
,C459,C1459
,C460,C1460
,C461,C1461
,C462,C1462
,C463,C1463
,C464,C1464
,C465,C1465
,C466,C1466
,C467,C1467
,C468,C1468
,C469,C1469
,C470,C1470
,C471,C1471
,C472,C1472
,C473,C1473
,C474,C1474
,C475,C1475
,C476,C1476
,C477,C1477
,C478,C1478
,C479,C1479
,C480,C1480
,C481,C1481
,C482,C1482
,C483,C1483
,C484,C1484
,C485,C1485
,C486,C1486
,C487,C1487
,C488,C1488
,C489,C1489
,C490,C1490
,C491,C1491
,C492,C1492
,C493,C1493
,C494,C1494
,C495,C1495
,C496,C1496
,C497,C1497
,C498,C1498
,C499,C1499
,C500,C1500
,C501,C1501
,C502,C1502
,C503,C1503
,C504,C1504
,C505,C1505
,C506,C1506
,C507,C1507
,C508,C1508
,C509,C1509
,C510,C1510
,C511,C1511
,C512,C1512
,C513,C1513
,C514,C1514
,C515,C1515
,C516,C1516
,C517,C1517
,C518,C1518
,C519,C1519
,C520,C1520
,C521,C1521
,C522,C1522
,C523,C1523
,C524,C1524
,C525,C1525
,C526,C1526
,C527,C1527
,C528,C1528
,C529,C1529
,C530,C1530
,C531,C1531
,C532,C1532
,C533,C1533
,C534,C1534
,C535,C1535
,C536,C1536
,C537,C1537
,C538,C1538
,C539,C1539
,C540,C1540
,C541,C1541
,C542,C1542
,C543,C1543
,C544,C1544
,C545,C1545
,C546,C1546
,C547,C1547
,C548,C1548
,C549,C1549
,C550,C1550
,C551,C1551
,C552,C1552
,C553,C1553
,C554,C1554
,C555,C1555
,C556,C1556
,C557,C1557
,C558,C1558
,C559,C1559
,C560,C1560
,C561,C1561
,C562,C1562
,C563,C1563
,C564,C1564
,C565,C1565
,C566,C1566
,C567,C1567
,C568,C1568
,C569,C1569
,C570,C1570
,C571,C1571
,C572,C1572
,C573,C1573
,C574,C1574
,C575,C1575
,C576,C1576
,C577,C1577
,C578,C1578
,C579,C1579
,C580,C1580
,C581,C1581
,C582,C1582
,C583,C1583
,C584,C1584
,C585,C1585
,C586,C1586
,C587,C1587
,C588,C1588
,C589,C1589
,C590,C1590
,C591,C1591
,C592,C1592
,C593,C1593
,C594,C1594
,C595,C1595
,C596,C1596
,C597,C1597
,C598,C1598
,C599,C1599
,C600,C1600
,C601,C1601
,C602,C1602
,C603,C1603
,C604,C1604
,C605,C1605
,C606,C1606
,C607,C1607
,C608,C1608
,C609,C1609
,C610,C1610
,C611,C1611
,C612,C1612
,C613,C1613
,C614,C1614
,C615,C1615
,C616,C1616
,C617,C1617
,C618,C1618
,C619,C1619
,C620,C1620
,C621,C1621
,C622,C1622
,C623,C1623
,C624,C1624
,C625,C1625
,C626,C1626
,C627,C1627
,C628,C1628
,C629,C1629
,C630,C1630
,C631,C1631
,C632,C1632
,C633,C1633
,C634,C1634
,C635,C1635
,C636,C1636
,C637,C1637
,C638,C1638
,C639,C1639
,C640,C1640
,C641,C1641
,C642,C1642
,C643,C1643
,C644,C1644
,C645,C1645
,C646,C1646
,C647,C1647
,C648,C1648
,C649,C1649
,C650,C1650
,C651,C1651
,C652,C1652
,C653,C1653
,C654,C1654
,C655,C1655
,C656,C1656
,C657,C1657
,C658,C1658
,C659,C1659
,C660,C1660
,C661,C1661
,C662,C1662
,C663,C1663
,C664,C1664
,C665,C1665
,C666,C1666
,C667,C1667
,C668,C1668
,C669,C1669
,C670,C1670
,C671,C1671
,C672,C1672
,C673,C1673
,C674,C1674
,C675,C1675
,C676,C1676
,C677,C1677
,C678,C1678
,C679,C1679
,C680,C1680
,C681,C1681
,C682,C1682
,C683,C1683
,C684,C1684
,C685,C1685
,C686,C1686
,C687,C1687
,C688,C1688
,C689,C1689
,C690,C1690
,C691,C1691
,C692,C1692
,C693,C1693
,C694,C1694
,C695,C1695
,C696,C1696
,C697,C1697
,C698,C1698
,C699,C1699
,C700,C1700
,C701,C1701
,C702,C1702
,C703,C1703
,C704,C1704
,C705,C1705
,C706,C1706
,C707,C1707
,C708,C1708
,C709,C1709
,C710,C1710
,C711,C1711
,C712,C1712
,C713,C1713
,C714,C1714
,C715,C1715
,C716,C1716
,C717,C1717
,C718,C1718
,C719,C1719
,C720,C1720
,C721,C1721
,C722,C1722
,C723,C1723
,C724,C1724
,C725,C1725
,C726,C1726
,C727,C1727
,C728,C1728
,C729,C1729
,C730,C1730
,C731,C1731
,C732,C1732
,C733,C1733
,C734,C1734
,C735,C1735
,C736,C1736
,C737,C1737
,C738,C1738
,C739,C1739
,C740,C1740
,C741,C1741
,C742,C1742
,C743,C1743
,C744,C1744
,C745,C1745
,C746,C1746
,C747,C1747
,C748,C1748
,C749,C1749
,C750,C1750
,C751,C1751
,C752,C1752
,C753,C1753
,C754,C1754
,C755,C1755
,C756,C1756
,C757,C1757
,C758,C1758
,C759,C1759
,C760,C1760
,C761,C1761
,C762,C1762
,C763,C1763
,C764,C1764
,C765,C1765
,C766,C1766
,C767,C1767
,C768,C1768
,C769,C1769
,C770,C1770
,C771,C1771
,C772,C1772
,C773,C1773
,C774,C1774
,C775,C1775
,C776,C1776
,C777,C1777
,C778,C1778
,C779,C1779
,C780,C1780
,C781,C1781
,C782,C1782
,C783,C1783
,C784,C1784
,C785,C1785
,C786,C1786
,C787,C1787
,C788,C1788
,C789,C1789
,C790,C1790
,C791,C1791
,C792,C1792
,C793,C1793
,C794,C1794
,C795,C1795
,C796,C1796
,C797,C1797
,C798,C1798
,C799,C1799
,C800,C1800
,C801,C1801
,C802,C1802
,C803,C1803
,C804,C1804
,C805,C1805
,C806,C1806
,C807,C1807
,C808,C1808
,C809,C1809
,C810,C1810
,C811,C1811
,C812,C1812
,C813,C1813
,C814,C1814
,C815,C1815
,C816,C1816
,C817,C1817
,C818,C1818
,C819,C1819
,C820,C1820
,C821,C1821
,C822,C1822
,C823,C1823
,C824,C1824
,C825,C1825
,C826,C1826
,C827,C1827
,C828,C1828
,C829,C1829
,C830,C1830
,C831,C1831
,C832,C1832
,C833,C1833
,C834,C1834
,C835,C1835
,C836,C1836
,C837,C1837
,C838,C1838
,C839,C1839
,C840,C1840
,C841,C1841
,C842,C1842
,C843,C1843
,C844,C1844
,C845,C1845
,C846,C1846
,C847,C1847
,C848,C1848
,C849,C1849
,C850,C1850
,C851,C1851
,C852,C1852
,C853,C1853
,C854,C1854
,C855,C1855
,C856,C1856
,C857,C1857
,C858,C1858
,C859,C1859
,C860,C1860
,C861,C1861
,C862,C1862
,C863,C1863
,C864,C1864
,C865,C1865
,C866,C1866
,C867,C1867
,C868,C1868
,C869,C1869
,C870,C1870
,C871,C1871
,C872,C1872
,C873,C1873
,C874,C1874
,C875,C1875
,C876,C1876
,C877,C1877
,C878,C1878
,C879,C1879
,C880,C1880
,C881,C1881
,C882,C1882
,C883,C1883
,C884,C1884
,C885,C1885
,C886,C1886
,C887,C1887
,C888,C1888
,C889,C1889
,C890,C1890
,C891,C1891
,C892,C1892
,C893,C1893
,C894,C1894
,C895,C1895
,C896,C1896
,C897,C1897
,C898,C1898
,C899,C1899
,C900,C1900
,C901,C1901
,C902,C1902
,C903,C1903
,C904,C1904
,C905,C1905
,C906,C1906
,C907,C1907
,C908,C1908
,C909,C1909
,C910,C1910
,C911,C1911
,C912,C1912
,C913,C1913
,C914,C1914
,C915,C1915
,C916,C1916
,C917,C1917
,C918,C1918
,C919,C1919
,C920,C1920
,C921,C1921
,C922,C1922
,C923,C1923
,C924,C1924
,C925,C1925
,C926,C1926
,C927,C1927
,C928,C1928
,C929,C1929
,C930,C1930
,C931,C1931
,C932,C1932
,C933,C1933
,C934,C1934
,C935,C1935
,C936,C1936
,C937,C1937
,C938,C1938
,C939,C1939
,C940,C1940
,C941,C1941
,C942,C1942
,C943,C1943
,C944,C1944
,C945,C1945
,C946,C1946
,C947,C1947
,C948,C1948
,C949,C1949
,C950,C1950
,C951,C1951
,C952,C1952
,C953,C1953
,C954,C1954
,C955,C1955
,C956,C1956
,C957,C1957
,C958,C1958
,C959,C1959
,C960,C1960
,C961,C1961
,C962,C1962
,C963,C1963
,C964,C1964
,C965,C1965
,C966,C1966
,C967,C1967
,C968,C1968
,C969,C1969
,C970,C1970
,C971,C1971
,C972,C1972
,C973,C1973
,C974,C1974
,C975,C1975
,C976,C1976
,C977,C1977
,C978,C1978
,C979,C1979
,C980,C1980
,C981,C1981
,C982,C1982
,C983,C1983
,C984,C1984
,C985,C1985
,C986,C1986
,C987,C1987
,C988,C1988
,C989,C1989
,C990,C1990
,C991,C1991
,C992,C1992
,C993,C1993
,C994,C1994
,C995,C1995
,C996,C1996
,C997,C1997
,C998,C1998
,C999,C1999
,C1000,C2000
